CREATE DATABASE BTECH_3A_107

CREATE TABLE DEPOSIT(
   ACTNO INT,
   CNAME VARCHAR(50),
   BNAME VARCHAR(50),
   AMOUNT DECIMAL(8,2),
   ADATE DATETIME
)

CREATE TABLE BRANCH(
   BNAME VARCHAR(50),
   CITY VARCHAR(50)
)

CREATE TABLE CUSTOMERS(
  CNAME VARCHAR(50),
  CITY VARCHAR(50)
)

CREATE TABLE BORROW(
  LOANNO INT,
  CNAME VARCHAR(50),
  BNAME VARCHAR(50),
  AMOUNT DECIMAL(8,2)
)

INSERT INTO DEPOSIT VALUES(101,'ANIL','VRCE',1000,'1995-03-01')

INSERT INTO DEPOSIT (ACTNO,CNAME,BNAME,AMOUNT,ADATE) VALUES (102,'SUNIL','AJNI','5000','1996-01-04')

INSERT INTO DEPOSIT VALUES(103,'MEHUL','KAROLBAGH',3500,'1995-11-17'),(104,'MADHURI','CHANDI',1200,'1995-12-17'),(105,'PRAMOD','M.G. ROAD',3000,'1996-03-27'),(106,'SANDIP','ANDHERI',2000,'1996-03-31'),(107,'SHIVANI','VIRAR',1000,'1995-09-05')

INSERT INTO DEPOSIT VALUES(108,'KRANTI','NEHRU PLACE',5000,'1995-07-02'),(109,'MINU','POWAI',7000,'1995-08-10')

SELECT * FROM DEPOSIT

INSERT INTO	BRANCH VALUES('VRCE','NAGPUR'),('AJNI','NAGPUR'),('KAROLBAGH','DELHI'),('CHANDI','DELHI'),('DHARAMPETH','NAGPUR'),('M.G. ROAD','BANGLORE'),('ANDHERI','BOMBAY'),('VIRAR','BOMBAY'),('NEHRU PLACE','DELHI'),('POWAI','BOMBAY')

SELECT * FROM BRANCH

INSERT INTO	CUSTOMERS VALUES('ANIL','CALCUTTA'),('SUNIL','DELHI'),('MEHUL','BARODA'),('MANDAR','PATNA'),('MADHURI','NAGPUR'),('PRAMOD','NAGPUR'),('SANDIP','SURAT'),('SHIVANI','BOMBAY'),('KRANTI','BOMBAY'),('NAREN','BOMBAY')

SELECT * FROM CUSTOMERS

INSERT INTO BORROW VALUES(201,'ANIL','VRCE',1000),(206,'MEHUL','AJNI',5000),(311,'SUNIL','DHARAMPETH',3000),(321,'MADHURI','ANDHERI',2000),(375,'PRAMOD','VIRAR',8000),(481,'KRANTI','NEHRU PLACE',3000)

SELECT * FROM BORROW

DELETE FROM DEPOSIT WHERE ACTNO=109